{"custom_metrics": {}, "episode_media": {}, "info": {"learner": {"__all__": {"num_agent_steps_trained": 128.0, "num_env_steps_trained": 4000.0, "total_loss": 9.986323720610727}, "default_policy": {"total_loss": 9.986323720610727, "policy_loss": -0.009692391060959937, "vf_loss": 9.993438102543227, "vf_loss_unclipped": 569097.6408748667, "vf_explained_var": -0.0002633888584210166, "entropy": 1.381217958830567, "mean_kl_loss": 0.012890011452480764, "curr_lr": 5e-05, "curr_entropy_coeff": 0.0, "curr_kl_coeff": 0.20000000298023224}}, "num_env_steps_sampled": 4000, "num_env_steps_trained": 0, "num_agent_steps_sampled": 4000, "num_agent_steps_trained": 0}, "sampler_results": {"episode_reward_max": 1001.0, "episode_reward_min": -1077.0, "episode_reward_mean": 794.1428571428571, "episode_len_mean": 56.142857142857146, "episode_media": {}, "episodes_this_iter": 70, "policy_reward_min": {}, "policy_reward_max": {}, "policy_reward_mean": {}, "custom_metrics": {}, "hist_stats": {"episode_reward": [-1066.0, 1001.0, 1001.0, 1001.0, 1001.0, 1001.0, 1001.0, -1066.0, 1001.0, 1001.0, 1001.0, 1001.0, 1001.0, 1001.0, 1001.0, 1001.0, 1001.0, 1001.0, 1001.0, 1001.0, 1001.0, 1001.0, 1001.0, 1001.0, -1066.0, 1001.0, 1001.0, 1001.0, 1001.0, 1001.0, 1001.0, 1001.0, -1066.0, 1001.0, 1001.0, 1001.0, 1001.0, 1001.0, 1001.0, -1066.0, 1001.0, 1001.0, 1001.0, 1001.0, 1001.0, 1001.0, 1001.0, 1001.0, 1001.0, 1001.0, -1066.0, 1001.0, 1001.0, 1001.0, 1001.0, 1001.0, 1001.0, 1001.0, 1001.0, 1001.0, 1001.0, 1001.0, 1001.0, 1001.0, 1001.0, 1001.0, 1001.0, 1001.0, 1001.0, -1077.0], "episode_lengths": [100, 45, 35, 55, 40, 98, 64, 100, 51, 22, 81, 64, 68, 68, 58, 87, 81, 80, 72, 33, 46, 24, 27, 34, 100, 29, 85, 55, 57, 37, 54, 84, 100, 30, 84, 45, 45, 89, 37, 100, 60, 28, 16, 29, 82, 29, 44, 53, 43, 88, 100, 45, 56, 23, 36, 36, 63, 26, 37, 44, 20, 97, 94, 7, 60, 31, 23, 71, 25, 100]}, "sampler_perf": {"mean_raw_obs_processing_ms": 0.42077089303495063, "mean_inference_ms": 1.2666188130167775, "mean_action_processing_ms": 0.09734205709818272, "mean_env_wait_ms": 0.03796492597813072, "mean_env_render_ms": 0.0}, "num_faulty_episodes": 0, "connector_metrics": {"ObsPreprocessorConnector_ms": 0.004230567387172154, "StateBufferConnector_ms": 0.003418241228376116, "ViewRequirementAgentConnector_ms": 0.22416285106113978}}, "episode_reward_max": 1001.0, "episode_reward_min": -1077.0, "episode_reward_mean": 794.1428571428571, "episode_len_mean": 56.142857142857146, "episodes_this_iter": 70, "policy_reward_min": {}, "policy_reward_max": {}, "policy_reward_mean": {}, "hist_stats": {"episode_reward": [-1066.0, 1001.0, 1001.0, 1001.0, 1001.0, 1001.0, 1001.0, -1066.0, 1001.0, 1001.0, 1001.0, 1001.0, 1001.0, 1001.0, 1001.0, 1001.0, 1001.0, 1001.0, 1001.0, 1001.0, 1001.0, 1001.0, 1001.0, 1001.0, -1066.0, 1001.0, 1001.0, 1001.0, 1001.0, 1001.0, 1001.0, 1001.0, -1066.0, 1001.0, 1001.0, 1001.0, 1001.0, 1001.0, 1001.0, -1066.0, 1001.0, 1001.0, 1001.0, 1001.0, 1001.0, 1001.0, 1001.0, 1001.0, 1001.0, 1001.0, -1066.0, 1001.0, 1001.0, 1001.0, 1001.0, 1001.0, 1001.0, 1001.0, 1001.0, 1001.0, 1001.0, 1001.0, 1001.0, 1001.0, 1001.0, 1001.0, 1001.0, 1001.0, 1001.0, -1077.0], "episode_lengths": [100, 45, 35, 55, 40, 98, 64, 100, 51, 22, 81, 64, 68, 68, 58, 87, 81, 80, 72, 33, 46, 24, 27, 34, 100, 29, 85, 55, 57, 37, 54, 84, 100, 30, 84, 45, 45, 89, 37, 100, 60, 28, 16, 29, 82, 29, 44, 53, 43, 88, 100, 45, 56, 23, 36, 36, 63, 26, 37, 44, 20, 97, 94, 7, 60, 31, 23, 71, 25, 100]}, "sampler_perf": {"mean_raw_obs_processing_ms": 0.42077089303495063, "mean_inference_ms": 1.2666188130167775, "mean_action_processing_ms": 0.09734205709818272, "mean_env_wait_ms": 0.03796492597813072, "mean_env_render_ms": 0.0}, "num_faulty_episodes": 0, "connector_metrics": {"ObsPreprocessorConnector_ms": 0.004230567387172154, "StateBufferConnector_ms": 0.003418241228376116, "ViewRequirementAgentConnector_ms": 0.22416285106113978}, "num_healthy_workers": 1, "num_in_flight_async_reqs": 0, "num_remote_worker_restarts": 0, "num_agent_steps_sampled": 4000, "num_agent_steps_trained": 0, "num_env_steps_sampled": 4000, "num_env_steps_trained": 0, "num_env_steps_sampled_this_iter": 4000, "num_env_steps_trained_this_iter": 0, "num_env_steps_sampled_throughput_per_sec": 357.1598787294222, "num_env_steps_trained_throughput_per_sec": 0.0, "timesteps_total": 4000, "num_steps_trained_this_iter": 0, "agent_timesteps_total": 4000, "timers": {"training_iteration_time_ms": 11199.44, "sample_time_ms": 7343.622, "synch_weights_time_ms": 1.521}, "counters": {"num_env_steps_sampled": 4000, "num_env_steps_trained": 0, "num_agent_steps_sampled": 4000, "num_agent_steps_trained": 0}, "done": true, "episodes_total": 70, "training_iteration": 1, "trial_id": "3d9e6_00000", "date": "2024-03-05_11-15-27", "timestamp": 1709633727, "time_this_iter_s": 11.202571392059326, "time_total_s": 11.202571392059326, "pid": 11815, "hostname": "ia-P7xxDM2-G", "node_ip": "192.168.109.195", "config": {"extra_python_environs_for_driver": {}, "extra_python_environs_for_worker": {}, "num_gpus": 0, "num_cpus_per_worker": 5, "num_gpus_per_worker": 0, "_fake_gpus": false, "num_learner_workers": 0, "num_gpus_per_learner_worker": 0, "num_cpus_per_learner_worker": 1, "local_gpu_idx": 0, "custom_resources_per_worker": {}, "placement_strategy": "PACK", "eager_tracing": true, "eager_max_retraces": 20, "tf_session_args": {"intra_op_parallelism_threads": 2, "inter_op_parallelism_threads": 2, "gpu_options": {"allow_growth": true}, "log_device_placement": false, "device_count": {"CPU": 1}, "allow_soft_placement": true}, "local_tf_session_args": {"intra_op_parallelism_threads": 8, "inter_op_parallelism_threads": 8}, "torch_compile_learner": false, "torch_compile_learner_what_to_compile": "forward_train", "torch_compile_learner_dynamo_backend": "inductor", "torch_compile_learner_dynamo_mode": null, "torch_compile_worker": false, "torch_compile_worker_dynamo_backend": "onnxrt", "torch_compile_worker_dynamo_mode": null, "env": "<class 'environments.UUV_Mono_Agent.env.UUVMonoAgentEnv'>", "env_config": {"implementation": "simple", "subzones_width": 3, "num_boxes_grid_width": 3, "num_boxes_grid_height": 3, "n_orders": 3, "step_limit": 100, "same_seed": false}, "observation_space": null, "action_space": null, "env_task_fn": null, "render_env": false, "clip_rewards": null, "normalize_actions": true, "clip_actions": false, "disable_env_checking": false, "_is_atari": null, "auto_wrap_old_gym_envs": true, "action_mask_key": "action_mask", "env_runner_cls": null, "num_envs_per_worker": 1, "sample_collector": "<class 'ray.rllib.evaluation.collectors.simple_list_collector.SimpleListCollector'>", "sample_async": false, "enable_connectors": true, "update_worker_filter_stats": true, "use_worker_filter_stats": true, "rollout_fragment_length": "auto", "batch_mode": "truncate_episodes", "remote_worker_envs": false, "remote_env_batch_wait_ms": 0, "validate_workers_after_construction": true, "preprocessor_pref": "deepmind", "observation_filter": "NoFilter", "compress_observations": false, "enable_tf1_exec_eagerly": false, "sampler_perf_stats_ema_coef": null, "gamma": 0.99, "lr": 5e-05, "grad_clip": null, "grad_clip_by": "global_norm", "train_batch_size": 4000, "model": {"_disable_preprocessor_api": false, "_disable_action_flattening": false, "fcnet_hiddens": [64, 64], "fcnet_activation": "tanh", "conv_filters": null, "conv_activation": "relu", "post_fcnet_hiddens": [], "post_fcnet_activation": "relu", "free_log_std": false, "no_final_linear": false, "vf_share_layers": false, "use_lstm": false, "max_seq_len": 20, "lstm_cell_size": 256, "lstm_use_prev_action": false, "lstm_use_prev_reward": false, "_time_major": false, "use_attention": false, "attention_num_transformer_units": 1, "attention_dim": 64, "attention_num_heads": 1, "attention_head_dim": 32, "attention_memory_inference": 50, "attention_memory_training": 50, "attention_position_wise_mlp_dim": 32, "attention_init_gru_gate_bias": 2.0, "attention_use_n_prev_actions": 0,