{"custom_metrics": {}, "episode_media": {}, "info": {"learner": {"default_policy": {"learner_stats": {"allreduce_latency": 0.0, "grad_gnorm": 0.4076348861699463, "cur_kl_coeff": 0.20000000000000004, "cur_lr": 5.0000000000000016e-05, "total_loss": 9.976984195299046, "policy_loss": -0.024236144269666363, "vf_loss": 10.0, "vf_explained_var": -4.3876709476594e-06, "kl": 0.006101650253568828, "entropy": 1.3704136307521533, "entropy_coeff": 0.0}, "model": {}, "custom_metrics": {}, "num_agent_steps_trained": 128.0, "num_grad_updates_lifetime": 465.5, "diff_num_grad_updates_vs_sampler_policy": 464.5}}, "num_env_steps_sampled": 8000, "num_env_steps_trained": 8000, "num_agent_steps_sampled": 8000, "num_agent_steps_trained": 8000}, "sampler_results": {"episode_reward_max": 1001.0, "episode_reward_min": -1077.0, "episode_reward_mean": 817.5696202531645, "episode_len_mean": 50.49367088607595, "episode_media": {}, "episodes_this_iter": 79, "policy_reward_min": {}, "policy_reward_max": {}, "policy_reward_mean": {}, "custom_metrics": {}, "hist_stats": {"episode_reward": [1001.0, 1001.0, 1001.0, -1077.0, 1001.0, 1001.0, 1001.0, 1001.0, 1001.0, 1001.0, 1001.0, 1001.0, 1001.0, 1001.0, 1001.0, 1001.0, 1001.0, 1001.0, 1001.0, 1001.0, 1001.0, 1001.0, 1001.0, 1001.0, 1001.0, 1001.0, 1001.0, 1001.0, 1001.0, 1001.0, 1001.0, 1001.0, 1001.0, 1001.0, 1001.0, 1001.0, 1001.0, 1001.0, 1001.0, 1001.0, 1001.0, 1001.0, 1001.0, 1001.0, -1066.0, 1001.0, 1001.0, 1001.0, 1001.0, 1001.0, -1066.0, 1001.0, 1001.0, 1001.0, 1001.0, 1001.0, 1001.0, 1001.0, 1001.0, 1001.0, 1001.0, 1001.0, 1001.0, 1001.0, 1001.0, 1001.0, 1001.0, -1077.0, 1001.0, 1001.0, 1001.0, -1066.0, 1001.0, 1001.0, 1001.0, 1001.0, -1066.0, 1001.0, -1066.0], "episode_lengths": [44, 40, 38, 100, 24, 71, 40, 51, 46, 23, 29, 37, 56, 90, 69, 70, 56, 17, 92, 35, 14, 92, 24, 51, 50, 53, 33, 26, 50, 15, 45, 67, 73, 33, 19, 44, 42, 20, 48, 37, 49, 47, 13, 43, 100, 33, 19, 67, 35, 33, 100, 33, 36, 28, 18, 74, 48, 36, 31, 69, 30, 62, 57, 54, 54, 95, 96, 100, 34, 45, 65, 100, 46, 34, 70, 49, 100, 22, 100]}, "sampler_perf": {"mean_raw_obs_processing_ms": 0.2742844562296927, "mean_inference_ms": 0.7967056259159091, "mean_action_processing_ms": 0.0976497189636917, "mean_env_wait_ms": 0.03776541950404121, "mean_env_render_ms": 0.0}, "num_faulty_episodes": 0, "connector_metrics": {"ObsPreprocessorConnector_ms": 0.004182887982718552, "StateBufferConnector_ms": 0.00395473045638845, "ViewRequirementAgentConnector_ms": 0.09238810478886471}}, "episode_reward_max": 1001.0, "episode_reward_min": -1077.0, "episode_reward_mean": 817.5696202531645, "episode_len_mean": 50.49367088607595, "episodes_this_iter": 79, "policy_reward_min": {}, "policy_reward_max": {}, "policy_reward_mean": {}, "hist_stats": {"episode_reward": [1001.0, 1001.0, 1001.0, -1077.0, 1001.0, 1001.0, 1001.0, 1001.0, 1001.0, 1001.0, 1001.0, 1001.0, 1001.0, 1001.0, 1001.0, 1001.0, 1001.0, 1001.0, 1001.0, 1001.0, 1001.0, 1001.0, 1001.0, 1001.0, 1001.0, 1001.0, 1001.0, 1001.0, 1001.0, 1001.0, 1001.0, 1001.0, 1001.0, 1001.0, 1001.0, 1001.0, 1001.0, 1001.0, 1001.0, 1001.0, 1001.0, 1001.0, 1001.0, 1001.0, -1066.0, 1001.0, 1001.0, 1001.0, 1001.0, 1001.0, -1066.0, 1001.0, 1001.0, 1001.0, 1001.0, 1001.0, 1001.0, 1001.0, 1001.0, 1001.0, 1001.0, 1001.0, 1001.0, 1001.0, 1001.0, 1001.0, 1001.0, -1077.0, 1001.0, 1001.0, 1001.0, -1066.0, 1001.0, 1001.0, 1001.0, 1001.0, -1066.0, 1001.0, -1066.0], "episode_lengths": [44, 40, 38, 100, 24, 71, 40, 51, 46, 23, 29, 37, 56, 90, 69, 70, 56, 17, 92, 35, 14, 92, 24, 51, 50, 53, 33, 26, 50, 15, 45, 67, 73, 33, 19, 44, 42, 20, 48, 37, 49, 47, 13, 43, 100, 33, 19, 67, 35, 33, 100, 33, 36, 28, 18, 74, 48, 36, 31, 69, 30, 62, 57, 54, 54, 95, 96, 100, 34, 45, 65, 100, 46, 34, 70, 49, 100, 22, 100]}, "sampler_perf": {"mean_raw_obs_processing_ms": 0.2742844562296927, "mean_inference_ms": 0.7967056259159091, "mean_action_processing_ms": 0.0976497189636917, "mean_env_wait_ms": 0.03776541950404121, "mean_env_render_ms": 0.0}, "num_faulty_episodes": 0, "connector_metrics": {"ObsPreprocessorConnector_ms": 0.004182887982718552, "StateBufferConnector_ms": 0.00395473045638845, "ViewRequirementAgentConnector_ms": 0.09238810478886471}, "num_healthy_workers": 1, "num_in_flight_async_reqs": 0, "num_remote_worker_restarts": 0, "num_agent_steps_sampled": 8000, "num_agent_steps_trained": 8000, "num_env_steps_sampled": 8000, "num_env_steps_trained": 8000, "num_env_steps_sampled_this_iter": 4000, "num_env_steps_trained_this_iter": 4000, "num_env_steps_sampled_throughput_per_sec": 468.4290637715367, "num_env_steps_trained_throughput_per_sec": 468.4290637715367, "timesteps_total": 8000, "num_steps_trained_this_iter": 4000, "agent_timesteps_total": 8000, "timers": {"training_iteration_time_ms": 8539.153, "sample_time_ms": 4873.9, "load_time_ms": 0.243, "load_throughput": 16448250.98, "learn_time_ms": 3663.217, "learn_throughput": 1091.936, "synch_weights_time_ms": 0.82}, "counters": {"num_env_steps_sampled": 8000, "num_env_steps_trained": 8000, "num_agent_steps_sampled": 8000, "num_agent_steps_trained": 8000}, "done": true, "episodes_total": 79, "training_iteration": 2, "trial_id": "ce1d6_00000", "date": "2024-03-07_11-09-56", "timestamp": 1709806196, "time_this_iter_s": 8.543108463287354, "time_total_s": 8.543108463287354, "pid": 41003, "hostname": "ia-P7xxDM2-G", "node_ip": "192.168.1.195", "config": {"extra_python_environs_for_driver": {}, "extra_python_environs_for_worker": {}, "num_gpus": 0, "num_cpus_per_worker": 5, "num_gpus_per_worker": 0, "_fake_gpus": false, "num_learner_workers": 0, "num_gpus_per_learner_worker": 0, "num_cpus_per_learner_worker": 1, "local_gpu_idx": 0, "custom_resources_per_worker": {}, "placement_strategy": "PACK", "eager_tracing": true, "eager_max_retraces": 20, "tf_session_args": {"intra_op_parallelism_threads": 2, "inter_op_parallelism_threads": 2, "gpu_options": {"allow_growth": true}, "log_device_placement": false, "device_count": {"CPU": 1}, "allow_soft_placement": true}, "local_tf_session_args": {"intra_op_parallelism_threads": 8, "inter_op_parallelism_threads": 8}, "torch_compile_learner": false, "torch_compile_learner_what_to_compile": "forward_train", "torch_compile_learner_dynamo_backend": "inductor", "torch_compile_learner_dynamo_mode": null, "torch_compile_worker": false, "torch_compile_worker_dynamo_backend": "onnxrt", "torch_compile_worker_dynamo_mode": null, "env": "<class 'Scenarios.UUV_Mono_Agent_TSP.env.UUVMonoAgentTSPEnv'>", "env_config": {"implementation": "simple", "num_boxes_grid_width": 3, "num_boxes_grid_height": 3, "n_orders": 3, "step_limit": 100, "same_seed": false}, "observation_space": null, "action_space": null, "env_task_fn": null, "render_env": false, "clip_rewards": null, "normalize_actions": true, "clip_actions": false, "disable_env_checking": false, "auto_wrap_old_gym_envs": true, "action_mask_key": "action_mask", "_is_atari": null, "env_runner_cls": null, "num_envs_per_worker": 1, "enable_connectors": true, "rollout_fragment_length": "auto", "batch_mode": "truncate_episodes", "validate_workers_after_construction": true, "compress_observations": false, "sampler_perf_stats_ema_coef": null, "sample_async": -1, "remote_worker_envs": false, "remote_env_batch_wait_ms": 0, "enable_tf1_exec_eagerly": false, "sample_collector": "<class 'ray.rllib.evaluation.collectors.simple_list_collector.SimpleListCollector'>", "preprocessor_pref": "deepmind", "observation_filter": "NoFilter", "update_worker_filter_stats": true, "use_worker_filter_stats": true, "gamma": 0.99, "lr": 5e-05, "grad_clip": null, "grad_clip_by": "global_norm", "train_batch_size": 4000, "model": {"_disable_preprocessor_api": false, "_disable_action_flattening": false, "fcnet_hiddens": [64, 64], "fcnet_activation": "tanh", "conv_filters": null, "conv_activation": "relu", "post_fcnet_hiddens": [], "post_fcnet_activation": "relu", "free_log_std": false, "no_final_linear": false, "vf_share_layers": false, "use_lstm": false, "max_seq_len": 20, "lstm_cell_size": 256,