{"custom_metrics": {}, "episode_media": {}, "info": {"learner": {"default_policy": {"learner_stats": {"allreduce_latency": 0.0, "grad_gnorm": 0.3957149513065815, "cur_kl_coeff": 0.20000000000000004, "cur_lr": 5.0000000000000016e-05, "total_loss": 9.987352488117834, "policy_loss": -0.015747820061721627, "vf_loss": 10.0, "vf_explained_var": -9.805925430790071e-07, "kl": 0.015501584243241126, "entropy": 1.3701991496547576, "entropy_coeff": 0.0}, "model": {}, "custom_metrics": {}, "num_agent_steps_trained": 128.0, "num_grad_updates_lifetime": 465.5, "diff_num_grad_updates_vs_sampler_policy": 464.5}}, "num_env_steps_sampled": 4000, "num_env_steps_trained": 4000, "num_agent_steps_sampled": 4000, "num_agent_steps_trained": 4000}, "sampler_results": {"episode_reward_max": 1001.0, "episode_reward_min": 1001.0, "episode_reward_mean": 1001.0, "episode_len_mean": 49.85, "episode_media": {}, "episodes_this_iter": 80, "policy_reward_min": {}, "policy_reward_max": {}, "policy_reward_mean": {}, "custom_metrics": {}, "hist_stats": {"episode_reward": [1001.0, 1001.0, 1001.0, 1001.0, 1001.0, 1001.0, 1001.0, 1001.0, 1001.0, 1001.0, 1001.0, 1001.0, 1001.0, 1001.0, 1001.0, 1001.0, 1001.0, 1001.0, 1001.0, 1001.0, 1001.0, 1001.0, 1001.0, 1001.0, 1001.0, 1001.0, 1001.0, 1001.0, 1001.0, 1001.0, 1001.0, 1001.0, 1001.0, 1001.0, 1001.0, 1001.0, 1001.0, 1001.0, 1001.0, 1001.0, 1001.0, 1001.0, 1001.0, 1001.0, 1001.0, 1001.0, 1001.0, 1001.0, 1001.0, 1001.0, 1001.0, 1001.0, 1001.0, 1001.0, 1001.0, 1001.0, 1001.0, 1001.0, 1001.0, 1001.0, 1001.0, 1001.0, 1001.0, 1001.0, 1001.0, 1001.0, 1001.0, 1001.0, 1001.0, 1001.0, 1001.0, 1001.0, 1001.0, 1001.0, 1001.0, 1001.0, 1001.0, 1001.0, 1001.0, 1001.0], "episode_lengths": [43, 78, 9, 53, 90, 38, 31, 64, 115, 46, 61, 28, 95, 45, 20, 35, 21, 56, 50, 31, 27, 63, 40, 78, 46, 54, 71, 39, 33, 43, 26, 46, 38, 42, 28, 49, 35, 80, 41, 71, 21, 31, 30, 59, 69, 48, 36, 38, 41, 31, 55, 26, 106, 55, 21, 33, 35, 58, 42, 49, 63, 71, 18, 39, 125, 60, 17, 59, 19, 138, 75, 22, 57, 40, 19, 51, 117, 39, 33, 83]}, "sampler_perf": {"mean_raw_obs_processing_ms": 0.2810457473217145, "mean_inference_ms": 0.7968056175119428, "mean_action_processing_ms": 0.102289436281219, "mean_env_wait_ms": 0.038076239626159136, "mean_env_render_ms": 0.0}, "num_faulty_episodes": 0, "connector_metrics": {"ObsPreprocessorConnector_ms": 0.00516057014465332, "StateBufferConnector_ms": 0.003822147846221924, "ViewRequirementAgentConnector_ms": 0.0961652398109436}}, "episode_reward_max": 1001.0, "episode_reward_min": 1001.0, "episode_reward_mean": 1001.0, "episode_len_mean": 49.85, "episodes_this_iter": 80, "policy_reward_min": {}, "policy_reward_max": {}, "policy_reward_mean": {}, "hist_stats": {"episode_reward": [1001.0, 1001.0, 1001.0, 1001.0, 1001.0, 1001.0, 1001.0, 1001.0, 1001.0, 1001.0, 1001.0, 1001.0, 1001.0, 1001.0, 1001.0, 1001.0, 1001.0, 1001.0, 1001.0, 1001.0, 1001.0, 1001.0, 1001.0, 1001.0, 1001.0, 1001.0, 1001.0, 1001.0, 1001.0, 1001.0, 1001.0, 1001.0, 1001.0, 1001.0, 1001.0, 1001.0, 1001.0, 1001.0, 1001.0, 1001.0, 1001.0, 1001.0, 1001.0, 1001.0, 1001.0, 1001.0, 1001.0, 1001.0, 1001.0, 1001.0, 1001.0, 1001.0, 1001.0, 1001.0, 1001.0, 1001.0, 1001.0, 1001.0, 1001.0, 1001.0, 1001.0, 1001.0, 1001.0, 1001.0, 1001.0, 1001.0, 1001.0, 1001.0, 1001.0, 1001.0, 1001.0, 1001.0, 1001.0, 1001.0, 1001.0, 1001.0, 1001.0, 1001.0, 1001.0, 1001.0], "episode_lengths": [43, 78, 9, 53, 90, 38, 31, 64, 115, 46, 61, 28, 95, 45, 20, 35, 21, 56, 50, 31, 27, 63, 40, 78, 46, 54, 71, 39, 33, 43, 26, 46, 38, 42, 28, 49, 35, 80, 41, 71, 21, 31, 30, 59, 69, 48, 36, 38, 41, 31, 55, 26, 106, 55, 21, 33, 35, 58, 42, 49, 63, 71, 18, 39, 125, 60, 17, 59, 19, 138, 75, 22, 57, 40, 19, 51, 117, 39, 33, 83]}, "sampler_perf": {"mean_raw_obs_processing_ms": 0.2810457473217145, "mean_inference_ms": 0.7968056175119428, "mean_action_processing_ms": 0.102289436281219, "mean_env_wait_ms": 0.038076239626159136, "mean_env_render_ms": 0.0}, "num_faulty_episodes": 0, "connector_metrics": {"ObsPreprocessorConnector_ms": 0.00516057014465332, "StateBufferConnector_ms": 0.003822147846221924, "ViewRequirementAgentConnector_ms": 0.0961652398109436}, "num_healthy_workers": 1, "num_in_flight_async_reqs": 0, "num_remote_worker_restarts": 0, "num_agent_steps_sampled": 4000, "num_agent_steps_trained": 4000, "num_env_steps_sampled": 4000, "num_env_steps_trained": 4000, "num_env_steps_sampled_this_iter": 4000, "num_env_steps_trained_this_iter": 4000, "num_env_steps_sampled_throughput_per_sec": 472.10535425638005, "num_env_steps_trained_throughput_per_sec": 472.10535425638005, "timesteps_total": 4000, "num_steps_trained_this_iter": 4000, "agent_timesteps_total": 4000, "timers": {"training_iteration_time_ms": 8472.659, "sample_time_ms": 4921.142, "load_time_ms": 0.234, "load_throughput": 17067361.139, "learn_time_ms": 3548.881, "learn_throughput": 1127.116, "synch_weights_time_ms": 1.127}, "counters": {"num_env_steps_sampled": 4000, "num_env_steps_trained": 4000, "num_agent_steps_sampled": 4000, "num_agent_steps_trained": 4000}, "done": true, "episodes_total": 80, "training_iteration": 1, "trial_id": "43348_00000", "date": "2024-03-12_09-55-42", "timestamp": 1710233742, "time_this_iter_s": 8.476836681365967, "time_total_s": 8.476836681365967, "pid": 15054, "hostname": "ia-P7xxDM2-G", "node_ip": "192.168.1.195", "config": {"extra_python_environs_for_driver": {}, "extra_python_environs_for_worker": {}, "num_gpus": 0, "num_cpus_per_worker": 5, "num_gpus_per_worker": 0, "_fake_gpus": false, "num_learner_workers": 0, "num_gpus_per_learner_worker": 0, "num_cpus_per_learner_worker": 1, "local_gpu_idx": 0, "custom_resources_per_worker": {}, "placement_strategy": "PACK", "eager_tracing": true, "eager_max_retraces": 20, "tf_session_args": {"intra_op_parallelism_threads": 2, "inter_op_parallelism_threads": 2, "gpu_options": {"allow_growth": true}, "log_device_placement": false, "device_count": {"CPU": 1}, "allow_soft_placement": true}, "local_tf_session_args": {"intra_op_parallelism_threads": 8, "inter_op_parallelism_threads": 8}, "torch_compile_learner": false, "torch_compile_learner_what_to_compile": "forward_train", "torch_compile_learner_dynamo_backend": "inductor", "torch_compile_learner_dynamo_mode": null, "torch_compile_worker": false, "torch_compile_worker_dynamo_backend": "onnxrt", "torch_compile_worker_dynamo_mode": null, "env": "<class 'Scenarios.UUV_Mono_Agent_TSP.env.UUVMonoAgentTSPEnv'>", "env_config": {"implementation": "simple", "num_boxes_grid_width": 3, "num_boxes_grid_height": 3, "n_orders": 3, "step_limit": 100000, "same_seed": false}, "observation_space": null, "action_space": null, "env_task_fn": null, "render_env": false, "clip_rewards": null, "normalize_actions": true, "clip_actions": false, "disable_env_checking": false, "auto_wrap_old_gym_envs": true, "action_mask_key": "action_mask", "_is_atari": null, "env_runner_cls": null, "num_envs_per_worker": 1, "enable_connectors": true, "rollout_fragment_length": "auto", "batch_mode": "truncate_episodes", "validate_workers_after_construction": true, "compress_observations": false, "sampler_perf_stats_ema_coef": null, "sample_async": -1, "remote_worker_envs": false, "remote_env_batch_wait_ms": 0, "enable_tf1_exec_eagerly": false, "sample_collector": "<class 'ray.rllib.evaluation.collectors.simple_list_collector.SimpleListCollector'>", "preprocessor_pref": "deepmind", "observation_filter": "NoFilter", "update_worker_filter_stats": true, "use_worker_filter_stats": true, "gamma": 0.99, "lr": 5e-05, "grad_clip": null, "grad_clip_by": "global_norm", "train_batch_size": 4000, "model": {"_disable_preprocessor_api": false, "_disable_action_flattening": false, "fcnet_hiddens": [64, 64], "fcnet_activation": "tanh", "conv_filters": null, "conv_activation": "relu", "post_fcnet_hiddens": [], "post_fcnet_activation": "relu", "free_log_std": false, "no_final_linear": false, "vf_share_layers": false, "use_lstm": false, "max_seq_len": 20, "lstm_cell_size": 256, "lstm_use_prev_action": false,